{"loss": [0.002030816162005067, 0.00015440738934557885, 0.0001089230427169241, 0.00012433955271262676, 0.00013848581875208765, 0.00010050830314867198, 0.00011594616080401465, 0.00011011315655196086, 8.783977682469413e-05, 8.004854316823184e-05, 7.892080611782148e-05, 0.00011234825797146186, 8.251079270849004e-05, 0.00010462951468070969, 8.717608579900116e-05], "val_loss": [0.0005766652175225317, 0.0005599985015578568, 0.0004845763323828578, 0.0007621862459927797, 0.00048200038145296276, 0.0005511874915100634, 0.0007458260515704751, 0.0005240323371253908, 0.0005524673033505678, 0.00038275367114692926, 0.0004927184199914336, 0.000565303722396493, 0.0003982153721153736, 0.0008295949664898217, 0.0004287613555788994]}