{"loss": [0.0016677103703841567, 0.00019485413213260472, 0.0001292252418352291, 0.00010895588638959453, 9.47674416238442e-05, 9.023613529279828e-05, 0.00012913779937662184, 9.762790432432666e-05, 8.221648022299632e-05, 9.815939120016992e-05, 0.00010427732922835276, 9.670246799942106e-05, 0.00014277070295065641, 7.72279963712208e-05, 0.0001071635851985775, 8.692583651281893e-05, 8.444482955383137e-05, 0.0004730148066300899, 0.0001758923172019422, 0.00011626400373643264, 9.970215614885092e-05, 8.061156404437497e-05, 6.256174674490467e-05], "val_loss": [0.0005005323910154402, 0.000846130249556154, 0.0004727320047095418, 0.0004381076723802835, 0.000507815508171916, 0.0004627248563338071, 0.00043007926433347166, 0.0004280452849343419, 0.00044328736839815974, 0.0006767763406969607, 0.0007234210497699678, 0.000465124670881778, 0.0004113820323254913, 0.0005855365889146924, 0.00041430036071687937, 0.00038652910734526813, 0.00394696369767189, 0.00036881229607388377, 0.00040428328793495893, 0.0005156316328793764, 0.00039723142981529236, 0.00038994383066892624, 0.000383864069590345]}