{"loss": [0.0009509358205832541, 0.0003081908216699958, 0.0002767785917967558, 0.00037687484291382134, 0.0002076727687381208, 0.00019419612362980843, 0.00022878304298501462, 0.00018114586418960243, 0.00016494488227181137, 0.00011216648999834433, 0.00011592650844249874, 9.190716809825972e-05, 0.00012673171295318753, 0.0001234628725796938, 0.00012044234608765692, 0.00010930367716355249, 0.00010353727702749893, 0.000130173095385544, 7.544532854808494e-05, 9.908893844112754e-05, 8.421236998401582e-05, 7.504523091483861e-05, 9.433028753846884e-05], "val_loss": [0.0005270808469504118, 0.0006737334188073874, 0.0032492000609636307, 0.0005583160673268139, 0.0008335447055287659, 0.0003161068889312446, 0.0008329558186233044, 0.0004778559959959239, 0.00038452958688139915, 0.00023753759160172194, 0.00018186728993896395, 0.00016856772708706558, 0.00021974659466650337, 0.0001661374990362674, 0.0006342509877867997, 0.0005369011778384447, 0.00015236916078720242, 0.00014543236466124654, 0.0005593298701569438, 0.00044075859477743506, 0.0005092546925880015, 0.0010602048132568598, 0.0007386425277218223]}