{"loss": [0.0029005082324147224, 0.0007637361413799226, 0.0007924885139800608, 0.0006567816599272192, 0.0005986099713481963, 0.0005883335252292454], "val_loss": [0.0007537771016359329, 0.0010522200027480721, 0.0030709293205291033, 0.0027686860412359238, 0.0008727184613235295, 0.0010481387143954635]}